name,date
MT636065,2016.0027322404371
MT483911,2016.5628415300546
MT507050,[2017.0:2017.9972602739726]
MT507049,[2017.0:2017.9972602739726]
MT507048,[2017.0:2017.9972602739726]
MT507047,[2017.0:2017.9972602739726]
MT078742,2017.490410958904
MK269361,2016.5928961748634
MK269359,2016.6284153005465
MK269358,2016.6666666666667
MK269355,2016.6693989071039
MK269354,2016.6338797814208
MK216748,2015.9534246575342
MK216747,2015.9534246575342
MK216745,2015.9342465753425
MK216744,2017.2630136986302
MK216743,2017.2356164383561
MK216742,2017.2383561643835
MK216741,2017.2356164383561
MK216740,2017.2328767123288
MK216738,2017.2246575342465
MK216737,2017.2191780821918
MK216736,2017.2328767123288
MK216734,2017.213698630137
MK216733,2016.0846994535518
MK216732,2016.0874316939892
MK216731,2016.0765027322404
MK216730,2016.0109289617487
MK216729,2015.9561643835616
MK216728,2016.0601092896175
MK216727,2016.0792349726776
MK216726,2016.0655737704917
MK216725,2016.068306010929
MK216724,2016.035519125683
MK216723,2016.035519125683
MK216722,2016.051912568306
MK216721,2016.0655737704917
MK216720,2016.0655737704917
MK216719,2016.1092896174864
MK216718,2016.1092896174864
MK216717,2016.0874316939892
MK216716,2016.0874316939892
MK216715,2016.1092896174864
MK216714,2016.0765027322404
MK216713,2016.01912568306
MK216712,2016.1092896174864
MK216711,2016.1092896174864
MK216710,2016.0901639344263
MK216709,2016.1639344262296
MK216708,2016.1666666666667
MK216707,2016.1612021857923
MK216706,2016.1639344262296
MK216705,2016.25956284153
MK216704,2016.1338797814208
MK216703,2016.122950819672
MK216699,2016.3715846994535
MK216698,2016.3142076502731
MK216697,2016.3169398907103
MK216696,2016.2677595628415
MK216695,2016.25956284153
MK216694,2016.25956284153
MK216693,2016.2622950819673
MK216692,2016.2486338797814
MK216691,2016.2021857923498
MK216690,2016.2103825136612
MK216688,2016.188524590164
MK216687,2016.1338797814208
MK241417,2016.4234972677596
MK241416,2015.9041095890411
MK241415,2015.9205479452055
MN611472,2019.495890410959
MN577544,2016.4153005464482
MN577543,2014.9424657534246
MN566108,2016.4125683060108
MN566107,2016.4125683060108
MN566106,2016.4125683060108
MN566105,2016.4125683060108
MN566104,2016.4125683060108
MN577550,2016.049180327869
MN473454,[2016.0:2016.9972677595629]
MN473453,[2016.0:2016.9972677595629]
MN473452,[2016.0:2016.9972677595629]
MN473451,[2016.0:2016.9972677595629]
MN473450,[2016.0:2016.9972677595629]
MK829154,2017.8164383561643
MK829153,2017.4136986301369
MK829152,2017.3945205479451
MN124091,2015.9424657534246
MN124090,2015.9424657534246
MN100039,2015.9424657534246
MK560179,2018.0465753424658
MK560178,2017.7698630136986
MK269360,2016.603825136612
MK269357,2016.672131147541
MK269356,2016.6311475409836
MK269353,2016.655737704918
MH063265,2017.5397260273974
MH063264,2017.613698630137
MH063263,2017.5917808219178
MH063262,2017.5397260273974
MH063261,2017.7287671232878
MH063260,2017.6
MF159531,2017.295890410959
MN190155,2019.4986301369863
MN171421,2015.9698630136986
MK028862,[2010.0:2010.9972602739726]
MK028861,[2015.0:2015.9972602739726]
MK028859,[2015.0:2015.9972602739726]
MK028858,[2015.0:2015.9972602739726]
MK028857,[2015.0:2015.9972602739726]
MH675630,2016.6666666666667
MH675629,2016.5819672131147
MH675628,2016.5819672131147
MH675627,2016.5819672131147
MH675626,2016.5819672131147
MH675625,2016.5819672131147
MH675624,2016.4153005464482
MH675623,2016.4153005464482
MH675622,2016.4153005464482
MH675621,2016.3306010928961
MH675620,2016.3306010928961
MH675619,2016.3306010928961
MN025403,2018.5808219178082
KX051563,2016.0956284153006
MK713748,2015.9150684931508
MG976700,2014.013698630137
MK238039,2018.7753424657535
MK238038,2018.786301369863
MK238037,2018.772602739726
MK238036,2018.772602739726
MK238035,2018.7123287671234
MH882548,2016.4371584699454
MH882547,2016.4180327868853
MH882546,2016.3934426229507
MH882545,2016.379781420765
MH882544,2016.360655737705
MH882543,2016.3415300546449
MH882542,2016.2978142076502
MH882541,2016.2978142076502
MH882540,2016.568306010929
MH882539,2016.5464480874316
MH882538,2016.5273224043715
MH882537,2016.5081967213114
MH882536,2016.4890710382513
MH882535,2016.4562841530055
MH882534,2016.4344262295083
MH882533,2016.4207650273224
MH882532,2016.3934426229507
MH882531,2016.3743169398906
MH882530,2016.3551912568305
MH882529,2016.3360655737704
MH882528,2016.3169398907103
MH882527,2016.3169398907103
MK049252,2016.3715846994535
MK049251,2016.6612021857923
MK049250,2016.4726775956285
MK049249,2016.8360655737704
MK049248,2016.568306010929
MK049246,2016.1857923497269
MK049245,2016.1612021857923
MH513600,2015.9424657534246
MH513599,2015.9424657534246
MH513598,2015.9369863013699
MH763833,[1968.0:2019.0]
MH763832,[1968.0:2019.0]
MH013290,2017.7479452054795
MG807647,2017.682191780822
MG807646,2016.860655737705
MG548661,2016.9125683060108
MG548660,2016.9125683060108
MF996804,2017.5972602739726
KY379148,2016.1612021857923
MF073359,2015.1616438356164
MF073358,2015.4136986301369
MF073357,2016.0846994535518
MH255601,2016.6666666666667
MH158237,[2015.0:2015.9972602739726]
MH158236,[2010.0:2010.9972602739726]
MH157213,2016.4754098360656
MH157208,2016.639344262295
MH157202,2016.6065573770493
KX893855,2016.2295081967213
KX702400,2016.2295081967213
MH119185,2016.9153005464482
MH063259,2017.5643835616438
LC369584,[2017.0:2017.9972602739726]
MG827392,2013.813698630137
KY441403,2016.0273224043715
KY441402,2016.25956284153
KY441401,2016.1612021857923
MF988734,2017.5808219178082
MG674719,2016.2896174863388
MG674718,2016.2896174863388
MG645981,2006.8219178082193
MG595216,2016.4754098360656
KY120353,2016.3224043715848
KY120352,2016.22131147541
MG494697,2016.896174863388
KY766069,2013.813698630137
KU729218,[2015.0:2015.9972602739726]
LC219720,2016.8907103825136
KX447521,2014.0849315068492
KX447520,[2014.0:2014.9972602739726]
KX447519,2013.8328767123287
KX447518,2013.9150684931508
KX447517,[2014.0:2014.9972602739726]
KX447516,[2014.0:2014.9972602739726]
KX447515,2013.8328767123287
KX447514,[2014.0:2014.9972602739726]
KX447513,2013.9150684931508
KX447512,2013.9150684931508
KX447511,[2014.0:2014.9972602739726]
KX447510,2013.9150684931508
KX447509,2013.9150684931508
LC331561,[2016.0:2016.9972677595629]
KX280026,[2015.0:2015.9972602739726]
MF801426,2016.5628415300546
MF801425,2016.4781420765028
MF801424,2016.4972677595629
MF801423,2016.4945355191257
MF801422,2016.4972677595629
MF801421,2016.4972677595629
MF801420,2016.5054644808743
MF801419,2016.4972677595629
MF801418,2016.4945355191257
MF801417,2016.4972677595629
MF801416,2016.4972677595629
MF801415,2016.5081967213114
MF801414,2016.5081967213114
MF801413,2016.5136612021859
MF801412,2016.5136612021859
MF801411,2016.5081967213114
MF801410,2016.5081967213114
MF801409,2016.4972677595629
MF801408,2016.5081967213114
MF801407,2016.5081967213114
MF801406,2016.5136612021859
MF801405,2016.51912568306
MF801404,2016.516393442623
MF801403,2016.396174863388
MF801402,2016.3989071038252
MF801401,2016.3907103825136
MF801400,2016.3825136612022
MF801399,2016.3825136612022
MF801398,2016.3825136612022
MF801397,2016.3825136612022
MF801396,2016.3743169398906
MF801395,2016.3524590163934
MF801394,2016.3360655737704
MF801393,2016.3060109289618
MF801392,2016.6147540983607
MF801391,2016.5109289617487
MF801390,[2016.0:2016.9972677595629]
MF801389,2016.3551912568305
MF801388,2016.3142076502731
MF801387,2016.24043715847
MF801386,2016.1475409836066
MF801385,2016.1147540983607
MF801384,2016.0901639344263
MF801383,2016.4207650273224
MF801382,[2016.0:2016.9972677595629]
MF801381,[2016.0:2016.9972677595629]
MF801380,2016.275956284153
MF801379,2016.4617486338798
MF801378,2016.551912568306
MF801377,2016.1420765027322
KX906952,2016.2896174863388
LC191864,2016.3032786885246
MF794971,2016.3306010928961
MF692778,2016.7486338797814
MF664436,2016.6475409836066
KX879604,2016.2486338797814
KX879603,2016.2486338797814
MF593625,2016.7021857923498
MF574588,2016.9153005464482
MF574587,2016.9153005464482
MF574586,2016.9153005464482
MF574585,2016.9153005464482
MF574584,2016.9153005464482
MF574583,2016.9153005464482
MF574582,2016.9153005464482
MF574581,2016.9153005464482
MF574580,2016.9153005464482
MF574579,2016.9153005464482
MF574578,2016.9153005464482
MF574577,2015.9150684931508
MF574576,2015.9150684931508
MF574575,2015.9150684931508
MF574574,2015.9150684931508
MF574573,2015.9150684931508
MF574572,2015.9150684931508
MF574571,2015.9150684931508
MF574570,2015.9150684931508
MF574569,2015.9150684931508
MF574568,2015.9150684931508
MF574567,2015.9150684931508
MF574566,2015.9150684931508
MF574565,2015.9150684931508
MF574564,2015.9150684931508
MF574563,2015.9150684931508
MF574562,2015.9150684931508
MF574561,2015.9150684931508
MF574560,2015.9150684931508
MF574559,2015.9150684931508
MF574558,2015.9150684931508
MF574557,2015.9150684931508
MF574556,2015.9150684931508
MF574555,2015.9150684931508
MF574554,2015.9150684931508
MF574553,2015.9150684931508
MF574552,2015.9150684931508
KU179098,2014.9945205479453
KY962729,2016.2486338797814
KY553111,2016.2486338797814
MF434522,2016.6584699453551
MF434521,2016.5464480874316
MF434520,2016.1010928961748
MF434519,2016.5546448087432
MF434518,2016.6502732240438
MF434517,2016.6311475409836
MF434516,2016.5928961748634
MF438286,2017.1150684931506
KY126351,2016.3306010928961
KY785484,2016.4289617486338
KY785483,2016.2650273224044
KY785481,2016.27868852459
KY785480,2016.2431693989072
KY785479,2016.2431693989072
KY785477,2016.4371584699454
KY785476,2016.295081967213
KY785475,2016.2650273224044
KY785474,2016.5901639344263
KY785473,2016.4535519125684
KY785471,2016.3360655737704
KY785470,2016.4617486338798
KY785469,2016.25956284153
KY785466,2016.3224043715848
KY785465,2016.2650273224044
KY785464,2016.2814207650274
KY785463,2016.25956284153
KY785462,2016.483606557377
KY785461,2016.4125683060108
KY785460,2016.4945355191257
KY785459,2016.620218579235
KY785458,2016.4398907103825
KY785457,2016.5819672131147
KY785456,2016.2868852459017
KY785455,2016.2622950819673
KY785454,2016.5928961748634
KY785453,2016.3551912568305
KY785452,2016.431693989071
KY785451,2016.22131147541
KY785450,2016.27868852459
KY785449,2016.25956284153
KY785448,2016.4398907103825
KY785447,2016.724043715847
KY785446,2016.22131147541
KY785445,2016.5464480874316
KY785444,2016.4125683060108
KY785443,2016.5819672131147
KY785442,2016.4234972677596
KY785441,2016.448087431694
KY785439,2016.2677595628415
KY785438,2016.7349726775956
KY785437,2016.1994535519125
KY785436,2016.2021857923498
KY785435,2016.5136612021859
KY785434,2016.6256830601094
KY785433,2016.2677595628415
KY785432,2016.77868852459
KY785431,2016.448087431694
KY785430,2016.74043715847
KY785429,2016.2841530054645
KY785428,2016.448087431694
KY785427,2016.2431693989072
KY785426,2016.2568306010928
KY785425,2016.2568306010928
KY785424,2016.5218579234972
KY785423,2016.25956284153
KY785420,2016.295081967213
KY785419,2016.448087431694
KY785418,2016.363387978142
KY785417,2016.2622950819673
KY785416,2016.3224043715848
KY785415,2016.275956284153
KY785414,2016.4043715846994
KY785413,2016.7622950819673
KY785412,2016.5546448087432
KY785410,2016.2349726775956
KY785409,2016.2568306010928
KY014302,2016.3032786885246
KY014318,2016.3196721311476
KY014327,2016.4371584699454
KY014325,2016.5846994535518
KY014321,2016.275956284153
KY014320,2016.224043715847
KY014319,2016.327868852459
KY014317,2016.2185792349726
KY014316,2016.6256830601094
KY014315,2016.4289617486338
KY014314,2016.450819672131
KY014313,2016.25956284153
KY014312,2016.363387978142
KY014310,2016.3524590163934
KY014308,2016.224043715847
KY014307,2016.2377049180327
KY014306,2016.4398907103825
KY014305,2016.25956284153
KY014304,2016.295081967213
KY014303,2016.275956284153
KY014301,2016.2814207650274
KY014300,2016.3005464480875
KY014297,2016.27868852459
KY014296,2016.295081967213
KY014295,2016.4726775956285
KY014326,2016.5928961748634
KY014311,2016.360655737705
KY014309,2016.2377049180327
KY014298,2016.5928961748634
MF352141,2015.3616438356164
MF167360,2016.1530054644809
KY817930,[2016.0:2016.9972677595629]
KY559032,[2016.0:2016.9972677595629]
KY558989,2015.145205479452
KY606271,2016.1748633879781
KY348640,2016.0573770491803
KY317940,2016.0218579234972
KY317939,2016.0136612021859
KY317938,2016.0245901639344
KY317937,2016.016393442623
KY317936,2016.0409836065573
KY325479,2016.74043715847
KY325478,2016.7349726775956
KY325477,2016.7540983606557
KY325476,2016.775956284153
KY325475,2016.75956284153
KY325474,2016.6994535519125
KY325473,2016.6639344262296
KY325472,2016.6420765027322
KY325471,2016.6010928961748
KY325470,2016.5901639344263
KY325469,2016.5901639344263
KY325468,2016.5901639344263
KY325467,2016.5737704918033
KY325466,2016.5710382513662
KY325465,2016.74043715847
KY325464,2016.7158469945355
KY075936,2016.5901639344263
KY075935,2016.5382513661202
KY075934,2016.5027322404371
KY075933,2016.4699453551912
KY075932,2016.22131147541
KX842449,2016.4726775956285
KX922707,2016.6256830601094
KX922706,2016.5928961748634
KX922705,2016.5928961748634
KX922704,2016.5846994535518
KX922703,2016.5464480874316
KX832731,2016.6448087431695
KY415991,2014.4767123287672
KY415990,2014.4164383561645
KY415989,2014.4383561643835
KY415988,2014.4246575342465
KY415987,2014.4054794520548
KY415986,2014.4054794520548
MF098771,2017.0794520547945
MF098770,2016.8551912568305
MF098769,2016.6475409836066
MF098768,2016.6475409836066
MF098767,2016.5628415300546
MF098766,2016.4125683060108
MF098765,2016.3907103825136
MF098764,2016.3579234972678
KY559031,[2016.0:2016.9972677595629]
KY559030,[2016.0:2016.9972677595629]
KY559029,[2016.0:2016.9972677595629]
KY559027,2016.1256830601094
KY559026,2016.0382513661202
KY559025,2016.0382513661202
KY559024,2016.1693989071039
KY559023,2016.22131147541
KY559022,2016.1967213114754
KY559021,2016.188524590164
KY559020,2016.1803278688524
KY559019,2016.3934426229507
KY559018,2016.1502732240438
KY559017,2016.379781420765
KY559016,2016.3142076502731
KY559015,2016.311475409836
KY559014,2016.311475409836
KY559013,2016.311475409836
KY559012,2016.2978142076502
KY559011,2016.2978142076502
KY559010,2016.2978142076502
KY559009,2016.2978142076502
KY559008,2016.2978142076502
KY559007,2016.295081967213
KY559006,2016.295081967213
KY559005,2016.295081967213
KY559004,2016.2896174863388
KY559003,2015.654794520548
KY559002,2015.6876712328767
KY559001,2015.6328767123289
KY559000,2015.6027397260275
KY558999,2016.5218579234972
KY558998,2015.4520547945206
KY558997,2015.3643835616438
KY558996,2015.3616438356164
KY558995,2015.3616438356164
KY558994,2016.0464480874316
KY558993,2016.0464480874316
KY558992,2016.0136612021859
KY558991,2016.049180327869
KY558990,2016.0382513661202
KY241788,2016.363387978142
KY241773,2016.6830601092897
KY241772,2016.6612021857923
KY241771,2016.6693989071039
KY241770,2016.6612021857923
KY241769,2016.691256830601
KY241768,2016.6639344262296
KY241767,2016.6830601092897
KY241766,2016.704918032787
KY241765,2016.6612021857923
KY241764,2016.6639344262296
KY241763,2016.6693989071039
KY241762,2016.6612021857923
KY241761,2016.672131147541
KY241760,2016.6994535519125
KY241759,2016.6693989071039
KY241758,2016.6612021857923
KY241757,2016.6967213114754
KY241756,2016.6775956284152
KY241755,2016.6639344262296
KY241754,2016.6830601092897
KY241753,2016.6502732240438
KY241752,2016.655737704918
KY241751,2016.655737704918
KY241750,2016.655737704918
KY241749,2016.655737704918
KY241748,2016.655737704918
KY241747,2016.655737704918
KY241746,2016.655737704918
KY241745,2016.6612021857923
KY241744,2016.655737704918
KY241743,2016.6502732240438
KY241742,2016.655737704918
KY241741,2016.655737704918
KY241740,2016.6584699453551
KY241739,2016.655737704918
KY241738,2016.6612021857923
KY241737,2016.655737704918
KY241736,2016.6584699453551
KY241735,2016.6530054644809
KY241734,2016.655737704918
KY241733,2016.655737704918
KY241732,2016.6530054644809
KY241731,2016.6612021857923
KY241730,2016.6530054644809
KY241729,2016.6584699453551
KY241728,2016.6584699453551
KY241727,2016.655737704918
KY241726,2016.655737704918
KY241725,2016.6502732240438
KY241724,2016.655737704918
KY241723,2016.6530054644809
KY241722,2016.655737704918
KY241721,2016.655737704918
KY241720,2016.6584699453551
KY241719,2016.6584699453551
KY241718,2016.6584699453551
KY241717,2016.6584699453551
KY241716,2016.655737704918
KY241715,2016.655737704918
KY241714,2016.655737704918
KY241713,2016.655737704918
KY241712,2016.6612021857923
KY241711,2016.6584699453551
KY241710,2016.6530054644809
KY241709,2016.655737704918
KY241708,2016.655737704918
KY241707,2016.655737704918
KY241706,2016.655737704918
KY241705,2016.6612021857923
KY241704,2016.6530054644809
KY241703,2016.6584699453551
KY241702,2016.6530054644809
KY241701,2016.6530054644809
KY241700,2016.6530054644809
KY241699,2016.6612021857923
KY241698,2016.6502732240438
KY241697,2016.6530054644809
KY241696,2016.6612021857923
KY241695,2016.7185792349726
KY241694,2016.7158469945355
KY241693,2016.704918032787
KY241692,2016.7021857923498
KY241691,2016.6994535519125
KY241690,2016.6994535519125
KY241689,2016.6994535519125
KY241688,2016.6994535519125
KY241687,2016.6994535519125
KY241686,2016.6967213114754
KY241685,2016.6967213114754
KY241684,2016.6857923497269
KY241683,2016.6857923497269
KY241682,2016.6857923497269
KY241681,2016.6857923497269
KY241680,2016.6830601092897
KY241679,2016.6830601092897
KY241678,2016.6830601092897
KY241677,2016.6830601092897
KY241676,2016.6803278688524
KY241675,2016.6803278688524
KY241674,2016.6775956284152
KY241673,2016.6748633879781
KY241671,2016.6748633879781
MF036115,2016.8360655737704
KY989971,2015.9150684931508
KY967711,2016.8333333333333
KX051562,2015.041095890411
KX051561,2013.7205479452055
KX051560,2013.517808219178
KY927808,2016.6666666666667
KX013000,2016.1284153005465
KU997667,2016.1256830601094
KX806557,2016.0846994535518
KY765327,2016.3060109289618
KY765326,2016.4945355191257
KY765325,2016.3060109289618
KY765324,2016.5136612021859
KY765323,2016.4945355191257
KY765322,2016.4918032786886
KY765321,2016.5218579234972
KY765320,2016.4071038251366
KY765318,2016.5218579234972
KY765317,2016.4918032786886
KU926309,2016.035519125683
KU926310,2016.0765027322404
KY631494,2015.786301369863
KY631493,2015.786301369863
KY693680,2016.7978142076502
KY693679,2016.5245901639344
KY693678,2016.4890710382513
KY693677,2016.6502732240438
KY693676,2016.6502732240438
KX830930,2016.1639344262296
KY631492,2016.01912568306
KX827268,[2016.0:2016.9972677595629]
KY606274,2016.5136612021859
KY606273,2016.4945355191257
KY606272,2016.5928961748634
KY328289,2016.3306010928961
KX421195,2016.049180327869
KX421194,2016.032786885246
KY120349,2016.1693989071039
KY120348,2016.1693989071039
KX197192,[2015.0:2015.9972602739726]
KY272991,2016.1147540983607
KU761561,2016.0846994535518
KU761560,2016.0846994535518
KY328290,2016.8387978142077
KY272987,2016.6612021857923
KX694534,2015.013698630137
KX694532,2013.1150684931506
KX198135,[2016.0:2016.9972677595629]
KX156776,2015.9616438356165
KX156775,2015.9424657534246
KX156774,2015.9616438356165
KX087102,2015.9150684931508
KX087101,2015.9150684931508
KU963574,1968.688524590164
KX269878,2016.0846994535518
KY003154,2016.2486338797814
KY003153,2016.2486338797814
KR872956,[2015.0:2015.9972602739726]
LC190723,2016.3825136612022
KU820897,2015.9150684931508
KX101067,2015.3287671232877
KX101066,2015.3287671232877
KX101065,[2016.0:2016.9972677595629]
KX101064,2015.2465753424658
KX101063,2015.9150684931508
KX101062,2015.4136986301369
KX101061,2015.3287671232877
KX101060,2015.3287671232877
KU940228,2015.495890410959
KU940227,2015.5342465753424
KU940224,2015.5808219178082
KU527068,[2015.0:2015.9972602739726]
KX827309,2016.655737704918
KX197205,2015.9150684931508
KX813683,2016.6530054644809
KJ776791,2013.9068493150685
KX766029,2016.4754098360656
KX766028,2016.4289617486338
KX520666,2015.5808219178082
KX266255,2016.120218579235
KX601168,2015.9150684931508
KX548902,2015.7643835616439
KU707826,2015.495890410959
KX369547,2013.813698630137
KX377337,2015.9150684931508
KU866423,[2016.0:2016.9972677595629]
KU647676,2015.9150684931508
KU758877,2015.9150684931508
KU955593,[2010.0:2010.9972602739726]
KU681082,2012.3524590163934
KU681081,2014.545205479452
KX262887,2016.0136612021859
KX253996,2016.1256830601094
KX247646,2016.1065573770493
KX185891,2016.1284153005465
KU937936,2016.1120218579235
KU744693,2016.0983606557377
KX117076,2016.1284153005465
KU509998,2014.945205479452
KX056898,2016.1502732240438
KU955590,2016.1530054644809
KU955589,2016.1256830601094
KU963796,[2016.0:2016.9972677595629]
KU321639,2015.1616438356164
KU991811,2016.1775956284152
KU870645,2016.0874316939892
KU922960,2016.1502732240438
KU922923,2016.1502732240438
KU820898,2016.120218579235
KU740184,2016.0846994535518
KU820899,2016.1284153005465
KU853013,2016.0846994535518
KU853012,2016.0846994535518
KU729217,[2015.0:2015.9972602739726]
KU761564,2016.1147540983607
KU497555,2015.9123287671232
KU501217,2015.8328767123287
KU501216,2015.9150684931508
KU501215,2015.9150684931508
KU365780,[2015.0:2015.9972602739726]
KU365779,[2015.0:2015.9972602739726]
KU365778,[2015.0:2015.9972602739726]
KU365777,[2015.0:2015.9972602739726]
KU312312,2015.7506849315068
KF993678,2013.1342465753426
JN860885,[2010.0:2010.9972602739726]
HQ234500,[1968.0:1968.9972677595629]
EU545988,2007.4136986301369
222_IonXpress_003_rawlib,2017.0630136986301
3015_IonXpress_030_rawlib,2016.2513661202186
3015u_IonXpress_001_rawlib,2016.2513661202186
7040_IonXpress_033_rawlib,2016.7622950819673
7938_IonXpress_048_rawlib,2016.8360655737704
8546_IonXpress_034_rawlib,2016.877049180328
8607_IonXpress_035_rawlib,2016.8907103825136
8628_IonXpress_066_rawlib,2016.8907103825136
8711_IonXpress_002_rawlib,2016.8907103825136
IonXpress_004_rawlib,[2016.0:2016.9972677595629]
IonXpress_039_rawlib,[2016.0:2016.9972677595629]
IonXpress_040_rawlib,[2016.0:2016.9972677595629]
IonXpress_041_rawlib,[2016.0:2016.9972677595629]
